{"__v":0,"_id":"57f50d9fc7dde2221000031a","author":"Laurence Russell","description":"<p>England is an old place, and the raising of cities such as Bournemouth have been a blink of the eye to the great island.</p> <p>The land now crawls with light and mortar, snaking, writhing over the ground and burying what lay beneath.</p> <p>There are secrets in-between this new noise that has emerged in the recent centuries. Through the smog and behind the hum, is proof that the world was once free of human feet.</p> <p>If a seeker were so compelled, they might learn of things in this world that once were, or things that have stepped aside for the procession of civilisation.</p> <p>There was once a time when the world was not owned. To see it, you need only look for it.<br /> <br /> </p><p>Story &copy; 2016 Laurence Russell, All Rights Reserved.<br/><br/>Editors Charlie Hargood and Verity Hunt<br/></p>","name":"Seeker of Secrets","publishState":"published","tags":["Bournemouth"],"cachedMediaIds":[],"functions":[{"type":"set","conditions":[],"variable":"seen1","value":"true","id":"seen1"},{"type":"set","conditions":[],"variable":"seen2","value":"true","id":"seen2"},{"type":"set","conditions":[],"variable":"seen3","value":"true","id":"seen3"},{"type":"set","conditions":[],"variable":"seen4","value":"true","id":"seen4"},{"type":"set","conditions":[],"variable":"seen5","value":"true","id":"seen5"},{"type":"set","conditions":[],"variable":"seen6","value":"true","id":"seen6"},{"type":"set","conditions":[],"variable":"seen7","value":"true","id":"seen7"},{"type":"set","conditions":[],"variable":"seen8","value":"true","id":"seen8"},{"type":"set","conditions":[],"variable":"seen9","value":"true","id":"seen9"},{"type":"set","conditions":[],"variable":"seen10","value":"true","id":"seen10"},{"type":"set","conditions":[],"variable":"seen11","value":"true","id":"seen11"},{"type":"set","conditions":[],"variable":"seen12","value":"true","id":"seen12"},{"type":"set","conditions":[],"variable":"seen13","value":"true","id":"seen13"},{"type":"set","conditions":[],"variable":"seen14","value":"true","id":"seen14"},{"type":"set","conditions":[],"variable":"seen15","value":"true","id":"seen15"},{"type":"set","conditions":[],"variable":"seen16","value":"true","id":"seen16"},{"type":"set","conditions":[],"variable":"seen17","value":"true","id":"seen17"},{"type":"set","conditions":[],"variable":"seen18","value":"true","id":"seen18"},{"type":"set","conditions":[],"variable":"seen19","value":"true","id":"seen19"},{"type":"set","conditions":[],"variable":"seen20","value":"true","id":"seen20"},{"type":"set","conditions":[],"variable":"seen21","value":"true","id":"seen21"},{"type":"set","conditions":[],"variable":"seen22","value":"true","id":"seen22"},{"type":"set","conditions":[],"variable":"seen23","value":"true","id":"seen23"},{"type":"set","conditions":[],"variable":"seen24","value":"true","id":"seen24"},{"type":"set","conditions":[],"variable":"seen25","value":"true","id":"seen25"},{"type":"set","conditions":[],"variable":"seen26","value":"true","id":"seen26"},{"type":"set","conditions":[],"variable":"seen27","value":"true","id":"seen27"},{"type":"set","conditions":[],"variable":"seen28","value":"true","id":"seen28"},{"type":"set","conditions":[],"variable":"seen29","value":"true","id":"seen29"},{"type":"set","conditions":[],"variable":"seen30","value":"true","id":"seen30"},{"type":"increment","conditions":[],"variable":"score","value":"1","id":"score"}],"conditions":[{"type":"location","bool":"true","location":"782c882096e8feaad194ed6d","id":"pier"},{"type":"location","bool":"true","location":"bc3f2ebf03559a93b8932584","id":"bnss"},{"type":"location","bool":"true","location":"5ec11b510c2f8cf7b284c8f5","id":"symes"},{"type":"location","bool":"true","location":"d6ce87d1eb55a6eedcdcc930","id":"tregonwell1"},{"type":"location","bool":"true","location":"8b871c839061f8d35a59b15f","id":"tregonwell2"},{"type":"location","bool":"true","location":"bd89cb11d1cc3eb237177978","id":"lowergarden"},{"type":"location","bool":"true","location":"43865971ea7533e8819a0b80","id":"meyrick"},{"type":"location","bool":"true","location":"41fdb17bb04ee3700ca2f381","id":"stpeter"},{"type":"location","bool":"true","location":"7f994a8168d7972a53c2557c","id":"ststephen"},{"type":"location","bool":"true","location":"2c9e93d4929399328e98bbfb","id":"stclement"},{"type":"location","bool":"true","location":"c833193254a6dc5e3552a554","id":"nipa"},{"type":"location","bool":"true","location":"80754d37533cb021a856d2c6","id":"beach"},{"type":"location","bool":"true","location":"1551fa5caee9c11f9c96c674","id":"boscombepier"},{"type":"location","bool":"true","location":"d921a350e7d6f5edc873a866","id":"pokesdown"},{"type":"location","bool":"true","location":"0546289ec3b650874278c4d5","id":"boscombe"},{"type":"location","bool":"true","location":"69828c3d0b2d6d5731349210","id":"westbourne"},{"type":"location","bool":"true","location":"b4a752180d8c621dc3736411","id":"durelychine"},{"type":"location","bool":"true","location":"b2f94dbc8bfb7a15565bf3e1","id":"bournemouthchine"},{"type":"location","bool":"true","location":"c9e0419533d4723a55550fae","id":"winton"},{"type":"comparison","operand":"==","a":"seen1","aType":"Variable","b":"true","bType":"String","id":"seen1"},{"type":"comparison","operand":"!=","a":"seen1","aType":"Variable","b":"true","bType":"String","id":"notSeen1"},{"type":"comparison","operand":"==","a":"seen2","aType":"Variable","b":"true","bType":"String","id":"seen2"},{"type":"comparison","operand":"!=","a":"seen2","aType":"Variable","b":"true","bType":"String","id":"notSeen2"},{"type":"comparison","operand":"==","a":"seen3","aType":"Variable","b":"true","bType":"String","id":"seen3"},{"type":"comparison","operand":"!=","a":"seen3","aType":"Variable","b":"true","bType":"String","id":"notSeen3"},{"type":"comparison","operand":"==","a":"seen4","aType":"Variable","b":"true","bType":"String","id":"seen4"},{"type":"comparison","operand":"!=","a":"seen4","aType":"Variable","b":"true","bType":"String","id":"notSeen4"},{"type":"comparison","operand":"==","a":"seen5","aType":"Variable","b":"true","bType":"String","id":"seen5"},{"type":"comparison","operand":"!=","a":"seen5","aType":"Variable","b":"true","bType":"String","id":"notSeen5"},{"type":"comparison","operand":"==","a":"seen6","aType":"Variable","b":"true","bType":"String","id":"seen6"},{"type":"comparison","operand":"!=","a":"seen6","aType":"Variable","b":"true","bType":"String","id":"notSeen6"},{"type":"comparison","operand":"==","a":"seen7","aType":"Variable","b":"true","bType":"String","id":"seen7"},{"type":"comparison","operand":"!=","a":"seen7","aType":"Variable","b":"true","bType":"String","id":"notSeen7"},{"type":"comparison","operand":"==","a":"seen8","aType":"Variable","b":"true","bType":"String","id":"seen8"},{"type":"comparison","operand":"!=","a":"seen8","aType":"Variable","b":"true","bType":"String","id":"notSeen8"},{"type":"comparison","operand":"==","a":"seen9","aType":"Variable","b":"true","bType":"String","id":"seen9"},{"type":"comparison","operand":"!=","a":"seen9","aType":"Variable","b":"true","bType":"String","id":"notSeen9"},{"type":"comparison","operand":"==","a":"seen10","aType":"Variable","b":"true","bType":"String","id":"seen10"},{"type":"comparison","operand":"!=","a":"seen10","aType":"Variable","b":"true","bType":"String","id":"notSeen10"},{"type":"comparison","operand":"==","a":"seen11","aType":"Variable","b":"true","bType":"String","id":"seen11"},{"type":"comparison","operand":"!=","a":"seen11","aType":"Variable","b":"true","bType":"String","id":"notSeen11"},{"type":"comparison","operand":"==","a":"seen12","aType":"Variable","b":"true","bType":"String","id":"seen12"},{"type":"comparison","operand":"!=","a":"seen12","aType":"Variable","b":"true","bType":"String","id":"notSeen12"},{"type":"comparison","operand":"==","a":"seen13","aType":"Variable","b":"true","bType":"String","id":"seen13"},{"type":"comparison","operand":"!=","a":"seen13","aType":"Variable","b":"true","bType":"String","id":"notSeen13"},{"type":"comparison","operand":"==","a":"seen14","aType":"Variable","b":"true","bType":"String","id":"seen14"},{"type":"comparison","operand":"!=","a":"seen14","aType":"Variable","b":"true","bType":"String","id":"notSeen14"},{"type":"comparison","operand":"==","a":"seen15","aType":"Variable","b":"true","bType":"String","id":"seen15"},{"type":"comparison","operand":"!=","a":"seen15","aType":"Variable","b":"true","bType":"String","id":"notSeen15"},{"type":"comparison","operand":"==","a":"seen16","aType":"Variable","b":"true","bType":"String","id":"seen16"},{"type":"comparison","operand":"!=","a":"seen16","aType":"Variable","b":"true","bType":"String","id":"notSeen16"},{"type":"comparison","operand":"==","a":"seen17","aType":"Variable","b":"true","bType":"String","id":"seen17"},{"type":"comparison","operand":"!=","a":"seen17","aType":"Variable","b":"true","bType":"String","id":"notSeen17"},{"type":"comparison","operand":"==","a":"seen18","aType":"Variable","b":"true","bType":"String","id":"seen18"},{"type":"comparison","operand":"!=","a":"seen18","aType":"Variable","b":"true","bType":"String","id":"notSeen18"},{"type":"comparison","operand":"==","a":"seen19","aType":"Variable","b":"true","bType":"String","id":"seen19"},{"type":"comparison","operand":"!=","a":"seen19","aType":"Variable","b":"true","bType":"String","id":"notSeen19"},{"type":"comparison","operand":"==","a":"seen20","aType":"Variable","b":"true","bType":"String","id":"seen20"},{"type":"comparison","operand":"!=","a":"seen20","aType":"Variable","b":"true","bType":"String","id":"notSeen20"},{"type":"comparison","operand":"==","a":"seen21","aType":"Variable","b":"true","bType":"String","id":"seen21"},{"type":"comparison","operand":"!=","a":"seen21","aType":"Variable","b":"true","bType":"String","id":"notSeen21"},{"type":"comparison","operand":"==","a":"seen22","aType":"Variable","b":"true","bType":"String","id":"seen22"},{"type":"comparison","operand":"!=","a":"seen22","aType":"Variable","b":"true","bType":"String","id":"notSeen22"},{"type":"comparison","operand":"==","a":"seen23","aType":"Variable","b":"true","bType":"String","id":"seen23"},{"type":"comparison","operand":"!=","a":"seen23","aType":"Variable","b":"true","bType":"String","id":"notSeen23"},{"type":"comparison","operand":"==","a":"seen24","aType":"Variable","b":"true","bType":"String","id":"seen24"},{"type":"comparison","operand":"!=","a":"seen24","aType":"Variable","b":"true","bType":"String","id":"notSeen24"},{"type":"comparison","operand":"==","a":"seen25","aType":"Variable","b":"true","bType":"String","id":"seen25"},{"type":"comparison","operand":"!=","a":"seen25","aType":"Variable","b":"true","bType":"String","id":"notSeen25"},{"type":"comparison","operand":"==","a":"seen26","aType":"Variable","b":"true","bType":"String","id":"seen26"},{"type":"comparison","operand":"!=","a":"seen26","aType":"Variable","b":"true","bType":"String","id":"notSeen26"},{"type":"comparison","operand":"==","a":"seen27","aType":"Variable","b":"true","bType":"String","id":"seen27"},{"type":"comparison","operand":"!=","a":"seen27","aType":"Variable","b":"true","bType":"String","id":"notSeen27"},{"type":"comparison","operand":"==","a":"seen28","aType":"Variable","b":"true","bType":"String","id":"seen28"},{"type":"comparison","operand":"!=","a":"seen28","aType":"Variable","b":"true","bType":"String","id":"notSeen28"},{"type":"comparison","operand":"==","a":"seen29","aType":"Variable","b":"true","bType":"String","id":"seen29"},{"type":"comparison","operand":"!=","a":"seen29","aType":"Variable","b":"true","bType":"String","id":"notSeen29"},{"type":"comparison","operand":"==","a":"seen30","aType":"Variable","b":"true","bType":"String","id":"seen30"},{"type":"comparison","operand":"!=","a":"seen30","aType":"Variable","b":"true","bType":"String","id":"notSeen30"},{"type":"comparison","operand":">=","a":"score","aType":"Variable","b":"8","bType":"Integer","id":"score8"},{"type":"comparison","operand":">=","a":"score","aType":"Variable","b":"5","bType":"Integer","id":"score5"},{"type":"comparison","operand":">=","a":"score","aType":"Variable","b":"3","bType":"Integer","id":"score3"},{"type":"comparison","operand":">=","a":"score","aType":"Variable","b":"1","bType":"Integer","id":"score1"},{"conditions":["seen5","seen12","seen18","seen23","score5"],"operand":"OR","type":"logical","id":"far"},{"conditions":["seen19","seen22","seen25","score8"],"operand":"OR","type":"logical","id":"furthest"}],"id":"57f50d9fc7dde2221000031a","pages":[{"content":"<p>The land you stand upon is ancient ground. From the days this great island was carved out of the sea to today, much has changed. Creatures have thrived and been wiped out and cultures of mankind have spread and been swept away.</p> <p>Like many places, this has been a changing land with a great many stories to tell, stories that await you even now. The meridians of nature swell inside you as they do in all things. Places of power are common in a land as old as this, you need only seek them out.</p>","_id":"57f69455c7dde2221000077d","hint":{"direction":"","locations":[]},"functions":["seen1"],"conditions":["notSeen1"],"id":"57f69455c7dde2221000077d","name":"Beginnings","pageTransition":"next"},{"content":"<p>The city of Bournemouth is arrayed around you, it&rsquo;s urban influence reaches for many miles across the coast. Despite these distractions of metal and wire, history survives amongst the din of civilization.</p> <p>The ancient villages turned suburban districts call for you from the east, whilst Westbourne beckons from the west. The great sea to the South has no use for history, and endeavours to sweep all days but today into the ocean and under the depths, but to the north lies Winton, with a past yet to tell. Choose your way at your leisure. The past will wait for you.t.</p>","_id":"57f69455c7dde2221000077c","hint":{"direction":"","locations":[]},"functions":["seen2"],"conditions":["notSeen2","seen1"],"id":"57f69455c7dde2221000077c","name":"Seeking","pageTransition":"next"},{"content":"During the construction of the pier, pieces of petrified wood were recovered from the sand, fossilised remains from trees that once grew on lands that have now been claimed by the sea. The sea claimed this victory around 7000 years ago, carving out the coast of Poole and Christchurch and flooding the woodlands south of them. Exposed to thousands of years of salt water saturation, these trees petrified as minerals of silica and calcite from the sea replaced organic matter, as if the boughs were turned to stone under the waves. The petrified remains are still kept at the Bournemouth Natural Science Society museum on Christchurch road.","_id":"57f69455c7dde2221000077b","hint":{"direction":"Head to the end of the Bournemouth Pier","locations":["782c882096e8feaad194ed6d"]},"functions":["seen3","score"],"conditions":["notSeen3","seen1","pier"],"id":"57f69455c7dde2221000077b","name":"The Sunken Forest","pageTransition":"next"},{"content":"<p>The city is a young thing built on old ground. Founded in 1810, the city is a couple of centuries younger than even New York across the sea. In 1851 the population of Bournemouth was 695 people, 110 years on in 1961, it had grown to 154,286, and as of 2011 stands at 183,491. The city is a fast growing sprawl built over barrow graves and marshland that has consumed ancient villages in its wake. There was a time when this barren heathland was considered so desolate, it was a favourite haunt of smugglers avoiding attention from the authorities. Bournemouth claims much history, only a tiny fraction of which is its own.</p>","_id":"57f69455c7dde2221000077a","hint":{"direction":"","locations":[]},"functions":["seen4"],"conditions":["notSeen4","seen1","score1"],"id":"57f69455c7dde2221000077a","name":"Bournemouth","pageTransition":"next"},{"content":"<p>The Bournemouth Natural Science Society museum stands ahead. Inside lies a collection of natural history specimens, fossils, rocks and minerals, photographic slides and two libraries.</p> <p>The building itself is a sizable late Victorian home, listed as a grade II structure on The Heritage List, as a construction of special historic interest, of which there are 239 in Bournemouth.</p> <p>Here, the Bournemouth public can learn about the natural sciences and ancient world. Bournemouth's school children are regular visitors.</p> <p>The museum is open on Tuesdays, and many secrets of the natural world await you inside.</p>","_id":"57f69455c7dde22210000779","hint":{"direction":"Go to 39 Christchurch Road to outside the Bournemouth Natural Science Society Building","locations":["bc3f2ebf03559a93b8932584"]},"functions":["seen5","score"],"conditions":["notSeen5","seen1","bnss"],"id":"57f69455c7dde22210000779","name":"The Museum","pageTransition":"next"},{"content":"<p>The society, established in 1903, is a group of intellectual volunteers with an interest in the study and exhibition of science and natural history.</p> <p>The disciplines of archaeology, history, astronomy, botany, entomology, geography, geology, ornithology and zoology make up the fields of expertise of its members, who also run the museum itself..</p>","_id":"57f69455c7dde22210000778","hint":{"direction":"Go to 39 Christchurch Road to outside the Bournemouth Natural Science Society Building","locations":["bc3f2ebf03559a93b8932584"]},"functions":["seen6","score"],"conditions":["notSeen6","seen1","seen5","bnss"],"id":"57f69455c7dde22210000778","name":"The Bournemouth Natural Science Society","pageTransition":"next"},{"content":"<p>Near to the society building you&rsquo;ll find a large slab of limestone.</p> <p>This is a Sarson stone, of the same ilk as the columns that comprise Stonehenge, as well as many other ancient British monuments</p> <p>Stones like this are referred to as silcrete, formed from sand cementing together with naturally occurring silica cement which once covered a large portion of England formed during the Cenozoic period, beginning 66 million years ago and continuing today.</p> <p>This particular stone travelled to Dorset along rivers which no longer exist during the last ice age.</p> <p>The Celts saw something divine in these smooth, solid stones, which empowered their most sacred sites.</p>","_id":"57f69455c7dde22210000777","hint":{"direction":"Go to 39 Christchurch Road to outside the Bournemouth Natural Science Society Building","locations":["bc3f2ebf03559a93b8932584"]},"functions":["seen7","score"],"conditions":["notSeen7","seen1","bnss"],"id":"57f69455c7dde22210000777","name":"The Sarsen Stone","pageTransition":"next"},{"content":"<p>On this site once sat the second oldest building constructed as part of the Bournemouth territory, Symes Cottage, also known as Portman Lodge.</p> <p>Tragically demolished in 1929 to make way for urban development, the cottage was constructed at the behest of Lewis Tregonwell for his personal butler, George Symes, whom Tregonwell wished to have living nearby his mansion at all times.</p> <p>The construction of both the mansion and the cottage began at the same time, although the cottage was completed much sooner and the mansion took two years to build (despite this, the Mansion is thought to be the older structure).</p>","_id":"57f69455c7dde22210000776","hint":{"direction":"Go to the corner of Exeter Road and Exeter Cresent","locations":["5ec11b510c2f8cf7b284c8f5"]},"functions":["seen8","score"],"conditions":["notSeen8","seen1","symes"],"id":"57f69455c7dde22210000776","name":"Symes Cottage","pageTransition":"next"},{"content":"<p>This hotel was adapted and extended into its current form. Part of the hotel&rsquo;s construction is made up of the Tregonwell mansion, the oldest building to be constructed as part of the Bournemouth area and an important piece of Bournemouth&rsquo;s history. The rest of the building is competitively priced tourist accommodation.</p> <p>Originally intended to be a holiday home for the Tregonwells, the mansion became a permanent residence for the couple. Their purchase of the plot of land upon which the mansion, and their butler&rsquo;s cottage would be built upon in 1810 is commonly regarded as the moment that Bournemouth town was founded.</p>","_id":"57f69455c7dde22210000775","hint":{"direction":"Go to the Royal Exeter Hotel on Exeter Road","locations":["d6ce87d1eb55a6eedcdcc930"]},"functions":["seen9","score"],"conditions":["notSeen9","seen1","tregonwell1"],"id":"57f69455c7dde22210000775","name":"The Tregonwell Mansion","pageTransition":"next"},{"content":"<p>Cast in stone, you face a bust of the man Lewis Tregonwell (1758-1832)</p> <p>Lewis Tregonwell, a captain of the Dorset Yeomanry, who organised militia patrols along the Dorset coastline east of Christchurch in search of smugglers and French invaders. By 1810, the threat had been dealt with and captain Tregonwell and his wife were free to retire. At the behest of Henrietta Tregonwell, who loved the heathland so dearly, the Tregonwells settled in the land they had once protected, constructing the first ever buildings in the original Bournemouth territory.</p> <p>For this reason, Lewis Tregonwell is thought to be the founder of Bournemouth</p>","_id":"57f69455c7dde22210000774","hint":{"direction":"Head to the layby outside the Bournemouth International Centre on Exeter Road","locations":["8b871c839061f8d35a59b15f"]},"functions":["seen10","score"],"conditions":["notSeen10","seen1","tregonwell2"],"id":"57f69455c7dde22210000774","name":"Lewis and Henrietta Tregonwell","pageTransition":"next"},{"content":"<p>The terrain of the Bournemouth gardens was untouched by the hands of men until 1840, when development on the area began. It wasn&rsquo;t until 1872 that the upper and lower gardens expanded to the point that they joined together into a single 3 kilometre span.</p> <p>Before this, the area was made up of heathland, marsh and a large lake, making it unsuitable for farmland, pasture and building.</p> <p>Now the land has been made decorative with specially selected flowers, trees and foliage, plant life imported from around the world and cultivated in British soil. The gardens are an example of the worldliness of Bournemouth in the modern age.</p>","_id":"57f69455c7dde22210000773","hint":{"direction":"Go to the lower gardens","locations":["bd89cb11d1cc3eb237177978"]},"functions":["seen11","score"],"conditions":["notSeen11","seen1","lowergarden"],"id":"57f69455c7dde22210000773","name":"The Bournemouth Gardens","pageTransition":"next"},{"content":"<p>The barren heathland upon which Bournemouth was built was not known for its abundance of trees. Where woodland did exist, it suffered from the erosion of the waves and the deforestation of nearby British communities. Meyrick park is an example of the deliberate cultivation of trees in the Bournemouth area.</p> <p>When Bournemouth land was being auctioned off, the area of Meyrick Park was kept clear of significant development to retain an open, natural space in the heart of Bournemouth.</p> <p>The park is devoted to leisure facilities including playing fields, tennis courts and an 18 hole golf course.</p>","_id":"57f69455c7dde22210000772","hint":{"direction":"Head to Meyrick Park","locations":["43865971ea7533e8819a0b80"]},"functions":["seen12","score"],"conditions":["notSeen12","seen1","meyrick"],"id":"57f69455c7dde22210000772","name":"Meyrick Park","pageTransition":"next"},{"content":"<p>One of the three Grade I listed buildings in Bournemouth, The Parish Church of St. Peter is part of an exclusive group of historic structures of exceptional interest in Britain. Only 2.5% of listed buildings are given this grade.</p> <p>Built between 1844 and 1879, the building is constructed from fine Purbeck limestone, quarried from the Isle of Purbeck to the south, these great stones are between 4 million and 145 million years old.</p> <p>The church is described as one of the richest examples of Gothic Revival architecture in Britain.</p> <p>The Church should be open for you to explore for yourself to see one of the most ancient and beautiful buildings in Bournemouth.</p>","_id":"57f69455c7dde22210000771","hint":{"direction":"Walk to the Church of St. Peter near St Peter's Road","locations":["41fdb17bb04ee3700ca2f381"]},"functions":["seen13","score"],"conditions":["notSeen13","seen1","stpeter"],"id":"57f69455c7dde22210000771","name":"The Parish Church of St. Peter","pageTransition":"next"},{"content":"<p>One of the three Grade I listed buildings in Bournemouth, The Church of St. Stephen is part of an exclusive group of historic structures of exceptional interest in Britain. Only 2.5% of listed buildings are given this grade.</p> <p>Built in stages between 1881 and 1898, beginning with the foundation stone being laid in 1881, and continuing with the nave and aisles which were consecreated on June 10<sup>th</sup> in 1885. The Chancel and Lady Chapel began construction in 1896, again on June 10<sup>th</sup> and finally finished in 1898.</p> <p>The flagstones of the Chancel, Sanctuary, and lady chapel are constructed from marble, imported from a startlingly diverse set of sources, from Ireland and France to Greece and even Africa.</p>","_id":"57f69455c7dde22210000770","hint":{"direction":"Go to the Church of St. Stephen on St. Stephen's Road","locations":["7f994a8168d7972a53c2557c"]},"functions":["seen14","score"],"conditions":["notSeen14","seen1","ststephen"],"id":"57f69455c7dde22210000770","name":"The Church of St. Stephen","pageTransition":"next"},{"content":"<p>One of the three Grade I listed buildings in Bournemouth, St. Clement&rsquo;s Church is part of an exclusive group of historic structures of exceptional interest in Britain. Only 2.5% of listed buildings are given this grade.</p> <p>Built between 1871 and 1873, St Clement&rsquo;s Church was designed with an adjoining school to educate the children of Boscombe village, but was soon expanded into Boscombe British school in part by Sir Percy Florence Shelley, son of the seminal author Mary Shelley.</p> <p>Built out of stone sourced from Bath, the church features elaborate encaustic tiling which sits in the nave, Chancel and Lady Chapel.</p>","_id":"57f69455c7dde2221000076f","hint":{"direction":"Head to the Church of St. Clement on St. Clement's Road","locations":["2c9e93d4929399328e98bbfb"]},"functions":["seen15","score"],"conditions":["notSeen15","seen1","stclement"],"id":"57f69455c7dde2221000076f","name":"St. Clement’s Church","pageTransition":"next"},{"content":"<p>Whilst the foundations for the Honeycombe Beach flats were being dug, a fossilised Nipa Palm Seed was discovered buried deep in the earth. The first of two such seeds to be discovered on the Bournemouth coastline.</p> <p>The Nipa palm, also known as Nypa Fruticans is a palm commonly found along the coastlines of the Indian and Pacific Oceans, making it a strange plant to discover in Britain.</p> <p>The plant may have made a home in British soil during the hotter climate of the Eocene period, 45 million years ago when the temperature was 7-10 degrees Celsius higher.</p>","_id":"57f69455c7dde2221000076e","hint":{"direction":"Go to Honeycomb Chine near Boscombe Pier and Sea Road","locations":["c833193254a6dc5e3552a554"]},"functions":["seen16","score"],"conditions":["notSeen16","seen1","nipa"],"id":"57f69455c7dde2221000076e","name":"The Nipa Palm seed","pageTransition":"next"},{"content":"<p>You stand at the edge of the land.</p> <p>There was once a time when the land continued on to the south before it was claimed by the sea.</p> <p>Under the waters, a chalk ridge runs from the Old Harry Rocks, at the tip of Swanage, all the way to The Needles, at the western tip of the Isle of Wight. 7000 years ago, this ridge stood as a section of the Southern coast of Great Britain, but was consumed by rising sea levels at the end of the last glacial stage.</p> <p>Supposedly, there was once a time when the petrified tree trunks of the sunken forest could still be spotted, little more than graves, imprisoned under the tides.</p>","_id":"57f69455c7dde2221000076d","hint":{"direction":"Go to the beach near Undercliff Drive","locations":["80754d37533cb021a856d2c6"]},"functions":["seen17","score"],"conditions":["notSeen17","seen1","beach"],"id":"57f69455c7dde2221000076d","name":"Bournemouth beach","pageTransition":"next"},{"content":"<p>You stand on Boscombe pier, opened in 1889.</p> <p>The pier was one of many additions to the city in order to add to its tourist value and a resort town.</p> <p>A far cry from the land&rsquo;s origins as sparsely populated scrubland, characterised by tiny fishing and farming settlements.</p> <p>In 1876 when Boscombe became a part of the city of Bournemouth, it&rsquo;s resident citizens were appalled by the notion that their home would become a seaside attraction for the landed gentry. These families had survived in the desolate region for many generations against the odds, and were consumed with the urban flow of the rapidly expanding town.</p> <p>Not much is known about these peoples and their villages, as their histories were swept aside in the current of urban development.</p>","_id":"57f69455c7dde2221000076c","hint":{"direction":"Go to Boscombe Pier","locations":["1551fa5caee9c11f9c96c674"]},"functions":["seen18","score"],"conditions":["notSeen18","seen1","boscombepier"],"id":"57f69455c7dde2221000076c","name":"Boscombe Pier","pageTransition":"next"},{"content":"<p>You tread at the border of a humble suburb known as Pokesdown, once an old coastal village. However like many places in the city, Pokesdown's history is not apparent from walking its streets. Within its territory, two cremation cemeteries were uncovered on what is now Hillbrow Road in 1909 and yet more secrets were uncovered across Harewood Avenue and Kings Park in 1926 when 60 graves were uncovered. The urns reclaimed from these tombs now sit in the British Museum.</p>","_id":"57f69455c7dde2221000076b","hint":{"direction":"Go to Pokesdown, to the corner of Parkswood and Christchurch Road","locations":["d921a350e7d6f5edc873a866"]},"functions":["seen19","score"],"conditions":["notSeen19","seen1","pokesdown"],"id":"57f69455c7dde2221000076b","name":"The village of Pokesdown","pageTransition":"next"},{"content":"<p>The name Pokesdown holds secrets of its own. Its two parts, poke and down can be broken and examined individually. Down simply refers to a hill or slope, poke is an alteration of the word &ldquo;Puck&rdquo; a mischievous fairy from the bard&rsquo;s play <em>A Midsummer Night&rsquo;s Dream</em>.</p> <p>The name Puck originated from the myth of the old Irish P&uacute;ca, elusive fairy meddlers and rogues, likely to help as often as they harm, which were popular enough to spread to ancient Wales, England and even Scandanavia and Germany.</p> <p>Perhaps our countrymen believed this hill was haunted by p&uacute;ca interlopers, said to deceive travellers and mill flour for farmers at night disguised as mortal men.</p>","_id":"57f69455c7dde2221000076a","hint":{"direction":"Go to Pokesdown, to the corner of Parkswood and Christchurch Road","locations":["d921a350e7d6f5edc873a866"]},"functions":["seen20","score"],"conditions":["notSeen20","seen1","seen19","pokesdown"],"id":"57f69455c7dde2221000076a","name":"The Pokesdown púcas","pageTransition":"next"},{"content":"<p>You now stand in the suburb of Boscombe. Boscombe was once an independent settlement, initially separated from Bournemouth itself by both thick hedgerows and barren heathland, but was consumed by the city&rsquo;s expansion in 1876.</p> <p>Boscombe is likely a reference to the old English word Boscumbe, meaning a valley populated by spikey plants.</p> <p>Whilst this description is clearly no longer fitting, the name remains to this day, as a relic of the region&rsquo;s past ecology.</p>","_id":"57f69455c7dde22210000769","hint":{"direction":"Head to the center of Boscombe","locations":["0546289ec3b650874278c4d5"]},"functions":["seen21","score"],"conditions":["notSeen21","seen1","boscombe"],"id":"57f69455c7dde22210000769","name":"Boscombe","pageTransition":"next"},{"content":"<p>Integrated into the city in 1884, Westbourne was a more ancient settlement before being assimilated into Bournemouth.</p> <p>Built over moorland, cut up by numerous chines, which made the land difficult to live on, traces of the ancient settlement are difficult to detect amongst the thriving urban district.</p> <p>Now, the area has become a thriving commercial district, catering to shoppers and tourists, wishing to trade currency for baubles and finery.</p>","_id":"57f69455c7dde22210000768","hint":{"direction":"Go to the center of Westbourne","locations":["69828c3d0b2d6d5731349210"]},"functions":["seen22","score"],"conditions":["notSeen22","seen1","westbourne"],"id":"57f69455c7dde22210000768","name":"Westbourne","pageTransition":"next"},{"content":"<p>It was upon these cliffs along the beach and Alum chine that a series of excavations were organised beginning in 1878-1879 to unearth fossilised remains hidden in the rock, thought to be dated back to the Eocene period around 45 million years ago.</p> <p>Over a lengthy excavation, some 10,000 fossils were recovered including a series of ancient seeds, fruits and fronds. The remarkable series of finds combined with the intrepid amateur experts who helped uncover, examine and exhibit the specimens resulted in the formation of a series of geological societies, only one of which has survived to this day, the Bournemouth Natural Science Society (BNSS), who can be found at 39 Christchurch road.</p>","_id":"57f69455c7dde22210000767","hint":{"direction":"Head to the Durely Chine Cliffs near The Durley Inn","locations":["b4a752180d8c621dc3736411"]},"functions":["seen23","score"],"conditions":["notSeen23","seen1","durelychine"],"id":"57f69455c7dde22210000767","name":"Excavation of Durley Chine","pageTransition":"next"},{"content":"<p>As you walk the beach, watch the cliffs to your right for valleys in the land. Where the rock parts, roads have been built to connect the city to the beach, but these gaps in the land were not made by man, but by the waters that once ran through them.</p> <p>You approach the mouths of Alum and Durley Chines, a chine is a steep sided river valley, many of which sat on Bournemouth&rsquo;s coastline, branching off the great river stour, and cut through the cliffs to meet the sea.</p> <p>Some of these rivers dried away naturally, leaving gaps in the cliffs, but many more were filled in to make way for the city.</p>","_id":"57f69455c7dde22210000766","hint":{"direction":"Go west along to beach from the pier","locations":["b2f94dbc8bfb7a15565bf3e1"]},"functions":["seen24","score"],"conditions":["notSeen24","seen1","bournemouthchine"],"id":"57f69455c7dde22210000766","name":"Bournemouth Chines","pageTransition":"next"},{"content":"<p>Unlike the surrounding districts, Winton was not an ancient settlement, and remained rough, untamed heathland as late as the 19<sup>th</sup> century, with the only sign of human habitation being a dirt track leading to Moordown village just to the north, another ancient landmark drowned in Bournemouth&rsquo;s depths.</p> <p>Moordown itself is thought to be the oldest settlement in the entire Bournemouth area, established in the mid bronze age at the latest, around 1650 BC around 3500 years ago.</p>","_id":"57f69455c7dde22210000765","hint":{"direction":"Head to the center of Winton","locations":["c9e0419533d4723a55550fae"]},"functions":["seen25","score"],"conditions":["notSeen25","seen1","winton"],"id":"57f69455c7dde22210000765","name":"Winton","pageTransition":"next"},{"content":"<p>As you may have discovered at the water&rsquo;s edge, the Dorset coastline once lay further to the South than it currently does.</p> <p>This is the nature of the sea, writhing over the planet where it may. Faster and deadlier than the land it runs across; the sea is a frontier that none but fish may master.</p> <p>The oncoming tides conquered the land and cut the bays of Bournemouth, Christchurch, and Poole along the Dorset coast. Who is to say when their thirst to drown the land will return?</p>","_id":"57f69455c7dde22210000764","hint":{"direction":"","locations":[]},"functions":["seen26"],"conditions":["notSeen26","seen1","score3"],"id":"57f69455c7dde22210000764","name":"The construction of a land","pageTransition":"next"},{"content":"<p>In the age of C&aelig;sar, a collection of Gallic peoples known as the Belgae escaped Roman rule in central Europe to settle themselves in Dorset around 50BC. Led by the chieftain Commius, the Belgae landed across the Dorset coast and the Isle of Wight, and spread a modest kingdom across Dorset, spreading into Wiltshire and Hampshire. Known Belgic settlements in and around Bournemouth include Hamworthy, Sterte, Corfe Mullen, Kinson, Stour Valley and Hengistbury.</p> <p>Despite multiple negotiations with Rome, the Belgae would be forced to fight off a Roman invasion from the south, fighting many battles before being defeated by the second legion under emperor Vespasian to become slaves and labourers of a foreign empire.</p> <p>The old families of Dorset are likely descended from these wise warriors of Belgae.</p>","_id":"57f69455c7dde22210000763","hint":{"direction":"","locations":[]},"functions":["seen27"],"conditions":["notSeen27","seen1","far"],"id":"57f69455c7dde22210000763","name":"The Belgae","pageTransition":"next"},{"content":"<p>a Gaulic king of the Belgae tribe, Commius cooperated with the Roman emperor in appealing for the British tribes to surrender to Roman occupation, and even fought with him against rival tribes. Despite Commius&rsquo; efforts, the Romans would ruthlessly betray him, attempting to execute him during a negotiation.</p> <p>Commius vowed he would never trust the Romans again and took part in the Gallic wars to halt the campaigns of C&aelig;sar across Europe.</p> <p>After barely managing to escape the Romans and return to Britain after a devastating defeat at Alesia, Commius ruled the Belgae in Dorset as king until his death, leaving the Roman conquest of Britain in 43AD to his sons.</p>","_id":"57f69455c7dde22210000762","hint":{"direction":"","locations":[]},"functions":["seen28"],"conditions":["notSeen28","seen1","seen27"],"id":"57f69455c7dde22210000762","name":"Commius","pageTransition":"next"},{"content":"<p>By now you may have learned of the marshy, barren heathland that Bournemouth was built upon, and perhaps you have asked yourself why a city was built upon land that the British had largely avoided building on for millennia.</p> <p>As a response to the large smuggling trade which relied upon the wilderness of the moors to hide their ill-gotten gains, as well as the Napoleonic threat from the South, development of the Bournemouth settlement was in the best interest of the Dorset gentry.</p> <p>From 1810 onwards, construction of Bournemouth town began, taming the wild heathland of the Dorset coast.</p>","_id":"57f69455c7dde22210000761","hint":{"direction":"","locations":[]},"functions":["seen29"],"conditions":["notSeen29","seen1","furthest"],"id":"57f69455c7dde22210000761","name":"Bournemouth’s purpose","pageTransition":"next"},{"content":"<p>You have sought well. The past has been unravelled and the facets of knowledge have bent to your will. Be proud that you have walked such an elusive path in search of history. Whilst the sciences of the universe and the knowledge of people become wider and ever more necessary, the pursuit of history is something we move away from.</p> <p>The future will always set us invariably further away from our past, and with this tragedy comes the erasure of our ancestors.</p> <p>These lives stretching back into primordia that endeavoured to ensure the possibility of our future were those of heroines and heroes that have been too often forgotten. They are entities of knowledge and wisdom that have strayed into a darkness where the living cannot follow, and the secret seeker cannot look.</p> <p>As we live in an ever expanding, ever forgetting world, let us endeavour to carry more of our past forward, so that we may not forget what we are.</p>","_id":"57f69455c7dde22210000760","hint":{"direction":"","locations":[]},"functions":["seen30"],"conditions":["notSeen30","seen1","seen29"],"id":"57f69455c7dde22210000760","name":"Journey’s End","pageTransition":"next"},{"content":"<h3>Thank you for reading one of our stories ...</h3>\r\n<p>We hope you enjoyed this StoryPlaces story. We would greatly appreciate your opinions on this new approach to story telling. if you have time, filling out the short survey linked below will help us to understand how to improve our application and design new location-aware story experiences. If you would like to do another of our stories please click the StoryPlaces logo in the top left corner and select another story.</p>\r\n<p><strong><a href=\"https://www.isurvey.soton.ac.uk/20629\">Click Here to take our reader experience survey</a></strong></p>\r\n<p><br />The Bournemouth Natural Science Society is not far from the locations featured in this story!</p>\r\n<p>For more information on local natural science events and to visit the collection your self please go to <p><strong><a href=\"http://www.bnss.org.uk\">http://www.bnss.org.uk/</a></strong></p></p>","_id":"57f69455c7dde2221000075f","hint":{"direction":"","locations":[]},"functions":[],"conditions":["seen30"],"id":"57f69455c7dde2221000075f","name":"Finish Story","pageTransition":"end"}],"pagesMapViewSettings":{"map":true,"pageArrows":true,"pageDistance":true},"locations":[{"id":"782c882096e8feaad194ed6d","type":"circle","lat":50.713974,"lon":-1.8746281,"radius":30},{"id":"bc3f2ebf03559a93b8932584","type":"circle","lat":50.722555,"lon":-1.8563381,"radius":50},{"id":"5ec11b510c2f8cf7b284c8f5","type":"circle","lat":50.718531,"lon":-1.88005,"radius":30},{"id":"d6ce87d1eb55a6eedcdcc930","type":"circle","lat":50.717589,"lon":-1.878942,"radius":30},{"id":"8b871c839061f8d35a59b15f","type":"circle","lat":50.716963,"lon":-1.87779,"radius":30},{"id":"bd89cb11d1cc3eb237177978","type":"circle","lat":50.718724,"lon":-1.877146,"radius":60},{"id":"43865971ea7533e8819a0b80","type":"circle","lat":50.727173,"lon":-1.886022,"radius":60},{"id":"41fdb17bb04ee3700ca2f381","type":"circle","lat":50.720455,"lon":-1.875488,"radius":40},{"id":"7f994a8168d7972a53c2557c","type":"circle","lat":50.722958,"lon":-1.880817,"radius":40},{"id":"2c9e93d4929399328e98bbfb","type":"circle","lat":50.728694,"lon":-1.849517,"radius":40},{"id":"c833193254a6dc5e3552a554","type":"circle","lat":50.7204,"lon":-1.841124,"radius":30},{"id":"80754d37533cb021a856d2c6","type":"circle","lat":50.717349,"lon":-1.865445,"radius":50},{"id":"1551fa5caee9c11f9c96c674","type":"circle","lat":50.718877,"lon":-1.843002,"radius":40},{"id":"d921a350e7d6f5edc873a866","type":"circle","lat":50.729042,"lon":-1.830078,"radius":70},{"id":"0546289ec3b650874278c4d5","type":"circle","lat":50.72669,"lon":-1.839239,"radius":70},{"id":"69828c3d0b2d6d5731349210","type":"circle","lat":50.722615,"lon":-1.900801,"radius":70},{"id":"b4a752180d8c621dc3736411","type":"circle","lat":50.712651,"lon":-1.890843,"radius":50},{"id":"b2f94dbc8bfb7a15565bf3e1","type":"circle","lat":50.714397,"lon":-1.883719,"radius":50},{"id":"c9e0419533d4723a55550fae","type":"circle","lat":50.736178,"lon":-1.880816,"radius":80}],"audience":"general","schemaVersion":"https://storyplaces.soton.ac.uk/schema/02"}